{
  "type": "minecraft:vegetation_patch",
  "config": {
    "surface": "floor",
    "depth": 1,
    "vertical_range": 5,
    "extra_bottom_block_chance": 0,
    "extra_edge_column_chance": 0.3,
    "vegetation_chance": 0.01,
    "xz_radius": {
      "type": "minecraft:uniform",
      "value": {
        "min_inclusive": 4,
        "max_inclusive": 7
      }
    },
    "replaceable": "#minecraft:base_stone_overworld",
    "ground_state": {
      "type": "minecraft:simple_state_provider",
      "state": {
        "Name": "minecraft:sculk"
      }
    },
    "vegetation_feature": {
      "feature": {
        "type": "minecraft:random_selector",
        "config": {
          "features": [
            {
              "chance": 0.1,
              "feature": {
                "feature": "wythers:vegetation/configured_fungus/giant_sculk_omphalotus_illudens",
                "placement": []
              }
            }
          ],
          "default": {
            "feature": "wythers:vegetation/configured_fungus/giant_sculk_morel",
            "placement": []
          }
        }
      },
      "placement": []
    }
  }
}
