{
  "config": {
    "features": [
      {
        "feature": {
          "feature": "minecraft:huge_brown_mushroom",
          "placement": []
        },
        "chance": 0.025
      },
      {
        "feature": {
          "feature": "minecraft:huge_red_mushroom",
          "placement": []
        },
        "chance": 0.05
      },
      {
        "feature": "minecraft:dark_oak_checked",
        "chance": 0.33333335
      },
      {
        "feature": "minecraft:blood_oak_checked",
        "chance": 0.33333335
      },
      {
        "feature": "minecraft:briar_checked",
        "chance": 0.3
      }
    ],
    "default": "minecraft:oak_checked"
  },
  "type": "minecraft:random_selector"
}