{
  "type": "minecraft:tree",
  "config": {
    "ignore_vines": false,
    "force_dirt": false,
    "minimum_size": {
      "type": "minecraft:two_layers_feature_size",
      "limit": 1,
      "lower_size": 1,
      "upper_size": 2
    },
    "dirt_provider": {
      "type": "minecraft:simple_state_provider",
      "state": {
        "Name": "minecraft:jungle_wood",
        "Properties": {
          "axis": "y"
        }
      }
    },
    "trunk_provider": {
      "type": "minecraft:simple_state_provider",
      "state": {
        "Name": "minecraft:jungle_log",
        "Properties": {
          "axis": "y"
        }
      }
    },
    "foliage_provider": {
      "type": "minecraft:simple_state_provider",
      "state": {
        "Name": "minecraft:jungle_leaves",
        "Properties": {
          "waterlogged": "false",
          "persistent": "false",
          "distance": "7"
        }
      }
    },
    "root_placer": {
      "trunk_offset_y": {
        "type": "minecraft:uniform",
        "value": {
          "min_inclusive": 2,
          "max_inclusive": 8
        }
      },
      "root_provider": {
        "state": {
          "Properties": {
            "axis": "y"
          },
          "Name": "minecraft:jungle_wood"
        },
        "type": "minecraft:simple_state_provider"
      },
      "above_root_placement": {
        "above_root_provider": {
          "state": {
            "Name": "minecraft:moss_carpet"
          },
          "type": "minecraft:simple_state_provider"
        },
        "above_root_placement_chance": 0.0
      },
      "mangrove_root_placement": {
        "max_root_width": 3,
        "max_root_length": 12,
        "random_skew_chance": 0.25,
        "can_grow_through": "#minecraft:mangrove_roots_can_grow_through",
        "muddy_roots_in": [
          "minecraft:mud",
          "minecraft:muddy_mangrove_roots"
        ],
        "muddy_roots_provider": {
          "state": {
            "Properties": {
              "axis": "y"
            },
            "Name": "minecraft:muddy_mangrove_roots"
          },
          "type": "minecraft:simple_state_provider"
        }
      },
      "type": "minecraft:mangrove_root_placer"
    },
    "trunk_placer": {
      "type": "minecraft:mega_jungle_trunk_placer",
      "base_height": 20,
      "height_rand_a": 2,
      "height_rand_b": 15
    },
    "foliage_placer": {
      "type": "minecraft:jungle_foliage_placer",
      "radius": 3,
      "offset": 0,
      "height": 2
    },
    "decorators": [
      {
        "type": "minecraft:alter_ground",
        "provider": {
          "type": "minecraft:weighted_state_provider",
          "entries": [
            {
              "weight": 3,
              "data": {
                "Name": "minecraft:podzol",
                "Properties": {
                  "snowy": "false"
                }
              }
            },
            {
              "weight": 1,
              "data": {
                "Name": "minecraft:grass_block",
                "Properties": {
                  "snowy": "false"
                }
              }
            },
            {
              "weight": 1,
              "data": {
                "Name": "minecraft:rooted_dirt"
              }
            },
            {
              "weight": 1,
              "data": {
                "Name": "minecraft:coarse_dirt"
              }
            }
          ]
        }
      },
      {
        "type": "minecraft:trunk_vine"
      },
      {
        "type": "minecraft:leave_vine",
        "probability": 0.25
      },
      {
        "type": "minecraft:attached_to_leaves",
        "probability": 0.0025,
        "exclusion_radius_xz": 1,
        "exclusion_radius_y": 0,
        "required_empty_blocks": 2,
        "block_provider": {
          "type": "minecraft:simple_state_provider",
          "state": {
            "Name": "minecraft:spore_blossom"
          }
        },
        "directions": [
          "down"
        ]
      }
    ]
  }
}
