{
  "temperature": 0.7,
  "downfall": 0.8,
  "precipitation": "rain",
  "effects": {
    "mood_sound": {
      "sound": "minecraft:ambient.soul_sand_valley.mood",
      "tick_delay": 6000,
      "block_search_extent": 8,
      "offset": 2.0
    },
    "additions_sound": {
      "sound": "minecraft:ambient.soul_sand_valley.additions",
      "tick_chance": 0.0111
    },
    "music": {
      "sound": "minecraft:music.nether.soul_sand_valley",
      "min_delay": 12000,
      "max_delay": 24000,
      "replace_current_music": false
    },
    "particle": {
      "options": {
        "type": "minecraft:ash"
      },
      "probability": 0.00625
    },
    "ambient_sound": "minecraft:ambient.soul_sand_valley.loop",
    "sky_color": 68883,
    "fog_color": 139052,
    "water_color": 139052,
    "water_fog_color": 68883,
    "grass_color": 1881499,
    "foliage_color": 620388
  },
  "spawners": {
    "monster": [],
    "creature": [],
    "ambient": [],
    "axolotls": [],
    "underground_water_creature": [],
    "water_creature": [],
    "water_ambient": [],
    "misc": []
  },
  "spawn_costs": {},
  "carvers": {
    "air": [
      "minecraft:cave",
      "minecraft:cave_extra_underground",
      "minecraft:canyon"
    ]
  },
  "features": [
    [],
    [
      "minecraft:lake_lava_underground",
      "minecraft:lake_lava_surface"
    ],
    [
      "minecraft:amethyst_geode"
    ],
    [
      "minecraft:monster_room",
      "minecraft:monster_room_deep"
    ],
    [],
    [],
    [
      "minecraft:ore_dirt",
      "minecraft:ore_gravel",
      "minecraft:ore_granite_upper",
      "minecraft:ore_granite_lower",
      "minecraft:ore_diorite_upper",
      "minecraft:ore_diorite_lower",
      "minecraft:ore_andesite_upper",
      "minecraft:ore_andesite_lower",
      "minecraft:ore_tuff",
      "minecraft:ore_coal_upper",
      "minecraft:ore_coal_lower",
      "minecraft:ore_iron_upper",
      "minecraft:ore_iron_middle",
      "minecraft:ore_iron_small",
      "minecraft:ore_gold",
      "minecraft:ore_gold_lower",
      "minecraft:ore_redstone",
      "minecraft:ore_redstone_lower",
      "minecraft:ore_diamond",
      "minecraft:ore_diamond_large",
      "minecraft:ore_diamond_buried",
      "minecraft:ore_lapis",
      "minecraft:ore_lapis_buried",
      "minecraft:ore_copper",
      "minecraft:underwater_magma",
      "minecraft:disk_sand",
      "minecraft:disk_clay",
      "minecraft:disk_gravel"
    ],
    [
      "wythers:vegetation/trees_silent_forest"
    ],
    [
      "minecraft:spring_water",
      "minecraft:spring_lava"
    ],
    [
      "wythers:vegetation/giant_fruiting_sculk",
      "minecraft:glow_lichen",
      "wythers:vegetation/placed_random_patch/grass_silent_forest",
      "wythers:vegetation/placed_random_patch/sculk_growths_silent_forest",
      "wythers:vegetation/placed_random_patch/twisting_vines_silent_forest"
    ],
    [
      "wythers:vegetation/bracket_sculk",
      "wythers:other/replace_podzol_to_sculk",
      "wythers:other/warp_oak_leaves",
      "wythers:other/warp_oak_log",
      "wythers:other/warp_oak_wood",
      "minecraft:freeze_top_layer"
    ]
  ]
}
