{
  "type": "minecraft:random_patch",
  "config": {
    "tries": 256,
    "xz_spread": 3,
    "y_spread": 1,
    "feature": {
      "feature": {
        "type": "minecraft:simple_block",
        "config": {
          "to_place": {
            "type": "minecraft:simple_state_provider",
            "state": {
              "Name": "minecraft:gravel"
            }
          }
        }
      },
      "placement": [
        {
          "type": "minecraft:block_predicate_filter",
          "predicate": {
            "type": "minecraft:matching_fluids",
            "offset": [
              0,
              0,
              0
            ],
            "fluids": "minecraft:water"
          }
        },
        {
          "type": "minecraft:block_predicate_filter",
          "predicate": {
            "type": "minecraft:not",
            "predicate": {
              "type": "minecraft:any_of",
              "predicates": [
                {
                  "type": "minecraft:matching_blocks",
                  "offset": [
                    0,
                    1,
                    0
                  ],
                  "blocks": "minecraft:water"
                },
                {
                  "type": "minecraft:matching_fluids",
                  "offset": [
                    0,
                    -1,
                    0
                  ],
                  "fluids": "minecraft:water"
                },
                {
                  "type": "minecraft:matching_fluids",
                  "offset": [
                    1,
                    -1,
                    0
                  ],
                  "fluids": "minecraft:water"
                },
                {
                  "type": "minecraft:matching_fluids",
                  "offset": [
                    -1,
                    -1,
                    0
                  ],
                  "fluids": "minecraft:water"
                },
                {
                  "type": "minecraft:matching_fluids",
                  "offset": [
                    0,
                    -1,
                    1
                  ],
                  "fluids": "minecraft:water"
                },
                {
                  "type": "minecraft:matching_fluids",
                  "offset": [
                    0,
                    -1,
                    -1
                  ],
                  "fluids": "minecraft:water"
                }
              ]
            }
          }
        }
      ]
    }
  }
}
