{
  "type": "minecraft:random_patch",
  "config": {
    "tries": 128,
    "xz_spread": 3,
    "y_spread": 3,
    "feature": {
      "feature": {
        "type": "minecraft:random_selector",
        "config": {
          "features": [
            {
              "chance": 0.2,
              "feature": {
                "feature": {
                  "type": "minecraft:simple_block",
                  "config": {
                    "to_place": {
                      "type": "minecraft:simple_state_provider",
                      "state": {
                        "Name": "minecraft:moss_block"
                      }
                    }
                  }
                },
                "placement": [
                  {
                    "type": "minecraft:block_predicate_filter",
                    "predicate": {
                      "type": "minecraft:all_of",
                      "predicates": [
                        {
                          "type": "minecraft:matching_blocks",
                          "offset": [
                            0,
                            1,
                            0
                          ],
                          "blocks": [
                            "minecraft:air",
                            "minecraft:water",
                            "minecraft:seagrass"
                          ]
                        },
                        {
                          "type": "minecraft:matching_blocks",
                          "blocks": "minecraft:mossy_cobblestone"
                        },
                        {
                          "type": "minecraft:any_of",
                          "predicates": [
                            {
                              "type": "minecraft:matching_blocks",
                              "offset": [
                                1,
                                0,
                                0
                              ],
                              "blocks": [
                                "minecraft:water",
                                "minecraft:seagrass"
                              ]
                            },
                            {
                              "type": "minecraft:matching_blocks",
                              "offset": [
                                -1,
                                0,
                                0
                              ],
                              "blocks": [
                                "minecraft:water",
                                "minecraft:seagrass"
                              ]
                            },
                            {
                              "type": "minecraft:matching_blocks",
                              "offset": [
                                0,
                                0,
                                1
                              ],
                              "blocks": [
                                "minecraft:water",
                                "minecraft:seagrass"
                              ]
                            },
                            {
                              "type": "minecraft:matching_blocks",
                              "offset": [
                                0,
                                0,
                                -1
                              ],
                              "blocks": [
                                "minecraft:water",
                                "minecraft:seagrass"
                              ]
                            }
                          ]
                        }
                      ]
                    }
                  }
                ]
              }
            }
          ],
          "default": {
            "feature": {
              "type": "minecraft:simple_block",
              "config": {
                "to_place": {
                  "type": "minecraft:simple_state_provider",
                  "state": {
                    "Name": "minecraft:mossy_cobblestone"
                  }
                }
              }
            },
            "placement": [
              {
                "type": "minecraft:block_predicate_filter",
                "predicate": {
                  "type": "minecraft:all_of",
                  "predicates": [
                    {
                      "type": "minecraft:matching_blocks",
                      "blocks": "minecraft:stone"
                    },
                    {
                      "type": "minecraft:any_of",
                      "predicates": [
                        {
                          "type": "minecraft:matching_blocks",
                          "offset": [
                            1,
                            0,
                            0
                          ],
                          "blocks": [
                            "minecraft:water",
                            "minecraft:seagrass",
                            "minecraft:moss_block"
                          ]
                        },
                        {
                          "type": "minecraft:matching_blocks",
                          "offset": [
                            -1,
                            0,
                            0
                          ],
                          "blocks": [
                            "minecraft:water",
                            "minecraft:seagrass",
                            "minecraft:moss_block"
                          ]
                        },
                        {
                          "type": "minecraft:matching_blocks",
                          "offset": [
                            0,
                            0,
                            1
                          ],
                          "blocks": [
                            "minecraft:water",
                            "minecraft:seagrass",
                            "minecraft:moss_block"
                          ]
                        },
                        {
                          "type": "minecraft:matching_blocks",
                          "offset": [
                            0,
                            0,
                            -1
                          ],
                          "blocks": [
                            "minecraft:water",
                            "minecraft:seagrass",
                            "minecraft:moss_block"
                          ]
                        },
                        {
                          "type": "minecraft:matching_blocks",
                          "offset": [
                            0,
                            1,
                            0
                          ],
                          "blocks": [
                            "minecraft:water",
                            "minecraft:seagrass"
                          ]
                        }
                      ]
                    }
                  ]
                }
              }
            ]
          }
        }
      },
      "placement": []
    }
  }
}
