{
  "type": "minecraft:random_patch",
  "config": {
    "tries": 128,
    "xz_spread": 3,
    "y_spread": 3,
    "feature": {
      "feature": {
        "type": "minecraft:simple_block",
        "config": {
          "to_place": {
            "type": "minecraft:simple_state_provider",
            "state": {
              "Name": "minecraft:mud"
            }
          }
        }
      },
      "placement": [
        {
          "type": "minecraft:block_predicate_filter",
          "predicate": {
            "type": "minecraft:matching_blocks",
            "offset": [
              0,
              0,
              0
            ],
            "blocks": [
              "minecraft:muddy_mangrove_roots"
            ]
          }
        },
        {
          "type": "minecraft:block_predicate_filter",
          "predicate": {
            "type": "minecraft:not",
            "predicate": {
              "type": "minecraft:matching_blocks",
              "offset": [
                -1,
                0,
                0
              ],
              "blocks": [
                "minecraft:podzol",
                "minecraft:grass_block"
              ]
            }
          }
        },
        {
          "type": "minecraft:block_predicate_filter",
          "predicate": {
            "type": "minecraft:not",
            "predicate": {
              "type": "minecraft:matching_blocks",
              "offset": [
                1,
                0,
                0
              ],
              "blocks": [
                "minecraft:podzol",
                "minecraft:grass_block"
              ]
            }
          }
        },
        {
          "type": "minecraft:block_predicate_filter",
          "predicate": {
            "type": "minecraft:not",
            "predicate": {
              "type": "minecraft:matching_blocks",
              "offset": [
                0,
                0,
                -1
              ],
              "blocks": [
                "minecraft:podzol",
                "minecraft:grass_block"
              ]
            }
          }
        },
        {
          "type": "minecraft:block_predicate_filter",
          "predicate": {
            "type": "minecraft:not",
            "predicate": {
              "type": "minecraft:matching_blocks",
              "offset": [
                0,
                0,
                1
              ],
              "blocks": [
                "minecraft:podzol",
                "minecraft:grass_block"
              ]
            }
          }
        }
      ]
    }
  }
}
