{
  "type": "minecraft:random_patch",
  "config": {
    "tries": 128,
    "xz_spread": 3,
    "y_spread": 1,
    "feature": {
      "feature": {
        "type": "minecraft:simple_block",
        "config": {
          "to_place": {
            "type": "minecraft:weighted_state_provider",
            "entries": [
              {
                "weight": 10,
                "data": {
                  "Name": "minecraft:ice"
                }
              },
              {
                "weight": 1,
                "data": {
                  "Name": "minecraft:water",
                  "Properties": {
                    "level": "0"
                  }
                }
              }
            ]
          }
        }
      },
      "placement": [
        {
          "type": "minecraft:block_predicate_filter",
          "predicate": {
            "type": "minecraft:matching_blocks",
            "offset": [
              0,
              1,
              0
            ],
            "blocks": "minecraft:air"
          }
        },
        {
          "type": "minecraft:block_predicate_filter",
          "predicate": {
            "type": "minecraft:matching_fluids",
            "offset": [
              0,
              0,
              0
            ],
            "fluids": "minecraft:water"
          }
        },
        {
          "type": "minecraft:block_predicate_filter",
          "predicate": {
            "type": "minecraft:matching_fluids",
            "offset": [
              0,
              -1,
              0
            ],
            "fluids": "minecraft:water"
          }
        }
      ]
    }
  }
}
